CREW_INFO_ID,PHONE,EMAIL,EMERGENCY_CONTACT_NAME,EMERGENCY_CONTACT_PHONE,ADDRESS,POSTAL_CODE,COUNTRY
CI032,+51 629613102,l.clarke@icloud.com,Donald Smith,+36 616108485,59560 Garcia Shoals Suite 091,E63 8BQ,United Kingdom
CI033,+23 854985727,k.wagner@gmail.com,Erin Valdez,+16 961532878,91476 Carol Plains,83060,Germany
CI034,+36 963159500,w.mendez@icloud.com,Matthew Howell,+75 648640878,5023 Katherine Courts Suite 417,18552,Japan
CI036,+64 886064788,r.marshall@outlook.c,Bridget Murillo,+57 841786519,51131 Cindy Forest,I93 3LT,United Kingdom
CI046,+27 460051598,t.beck@icloud.com,Katie Warren,+56 428279832,694 Christopher Stravenue Apt. 523,XI0 1DJ,United Kingdom
CI047,+41 618365188,h.herrera@gmail.com,Priscilla Williams,+66 821930474,69938 Andrea Vista Apt. 187,NX4 3OS,United Kingdom
CI058,+36 955517026,b.guzman@outlook.com,Karen Lopez,+74 426465349,5936 Alexandra Stravenue,44665,Mexico
CI059,+15 238138258,r.stephens@icloud.co,Anthony Johnston,+33 405894274,2190 Spencer Burgs,01581,India
CI068,+44 168292629,s.parker@outlook.com,Aaron Jackson,+26 720885111,869 Cobb Canyon,JS4 9ZJ,United Kingdom
CI069,+41 710774310,l.hall@outlook.com,Danielle Armstrong,+58 708205192,7886 Amanda Shoal,JE3 8JI,United Kingdom
CI072,+53 813907411,j.wood@yahoo.com,Cathy Lindsey,+63 981843285,49949 Oscar Fords Apt. 382,X39 7PK,United Kingdom
CI075,+60 877369398,v.dominguez@gmail.co,Ryan Copeland,+35 801156704,46270 Davis Extensions Apt. 040,50570,Norway
CI076,+33 233093423,m.zimmerman@gmail.co,Tamara Walker,+99 180825826,783 Andrew Mill Suite 632,03760,Canada
CI085,+64 903688041,k.sandoval@yahoo.com,Amanda Tate,+30 848832611,08020 Susan Lights,C49 8VJ,United Kingdom
CI087,+38 546678935,c.nelson@outlook.com,Kyle Perkins,+51 944664297,098 Dylan Orchard Suite 552,78900,France
CI101,+25 333876595,r.hernandez@outlook.,David Macias,+12 922657338,938 Ashley Pine Apt. 831,17612,Italy
CI104,+17 405687744,c.thomas@gmail.com,Scott Curry,+16 630775462,329 Kayla Plains Suite 948,WR9 9CX,United Kingdom
CI110,+41 525564212,l.montoya@gmail.com,Willie Petty,+41 944440613,02847 Amy Forks Suite 842,DF2 5ZE,United Kingdom
CI114,+77 667606469,m.love@gmail.com,Kimberly Wright,+54 730095426,548 Nathan Via,92127,Japan
CI121,+81 977082327,j.gutierrez@gmail.co,Michael Taylor,+50 690367884,85704 David Roads Suite 881,49417,United States
CI122,+71 127922219,n.jackson@gmail.com,Kelly Morgan,+12 944487944,427 Kelly Roads,82477,Netherlands
CI125,+40 452339349,l.hudson@gmail.com,Rachel Trujillo,+36 317517683,61469 Joshua Spur Suite 283,15069,Japan
CI126,+22 794480667,c.allen@gmail.com,Jerry Cruz,+54 104479716,62742 Brian Unions Suite 188,W99 9ZZ,United Kingdom
CI130,+41 677277526,m.martin@icloud.com,Wanda Davila,+11 171616162,7176 Villegas Expressway,22924,Mexico
CI142,+40 469106340,r.west@icloud.com,Christian Stevens,+63 441083339,8528 Dylan Station,A94 6TI,United Kingdom
CI146,+62 713851819,b.freeman@gmail.com,William Shaw,+94 531137579,43259 Willis Creek,CG0 6WF,United Kingdom
CI161,+75 211131246,b.ramirez@gmail.com,Natalie Reynolds,+52 899386954,18622 Diaz Lodge,54354,United States
CI172,+67 101214610,f.shaw@yahoo.com,James Davis,+56 627326189,73312 Lynch Hollow,27855,France
CI175,+67 831302044,m.cortez@yahoo.com,Katherine Campbell,+52 781097754,91967 Young Inlet,45616,China
CI178,+74 849964970,f.lewis@gmail.com,John Reyes,+30 368688239,39882 Tracey Branch,91029,Netherlands
CI180,+42 500408712,m.russell@gmail.com,Tina Delacruz,+68 170283218,9755 Douglas Passage Suite 301,WI8 5RL,United Kingdom
CI183,+84 871528040,t.martin@yahoo.com,Joshua Zamora,+81 125354893,9243 Owen Road,67875,Japan
CI184,+29 682254036,s.sellers@gmail.com,Justin Chang,+28 167147230,9719 Robin Center,47831,China
CI193,+53 315141066,m.weber@icloud.com,Cole Jones,+18 471936485,961 Davis Gateway,SA1 1TI,United Kingdom
CI196,+49 793675473,k.armstrong@outlook.,Justin Smith,+80 230197280,854 Brown Lodge Apt. 043,14083,Netherlands
CI198,+47 952088353,m.allen@yahoo.com,Patricia Woodward,+33 955863566,890 Kenneth Harbors Suite 642,76452,South Africa
CI202,+13 735672429,s.mcguire@gmail.com,Abigail Crawford,+13 996710865,907 Hicks Ranch,C96 9FH,United Kingdom
CI212,+65 783647335,s.thompson@yahoo.com,Jesus Rollins,+39 676070265,2187 Ray Inlet,07288,Netherlands
CI216,+98 481535198,j.ramirez@icloud.com,Lori Adams,+65 401674189,90337 Amanda Inlet,01851,Netherlands
CI229,+69 368530577,c.hall@outlook.com,James Shaw,+18 813224592,8066 Ashley Mountain Suite 830,88446,Mexico
CI035,+49 478547019,s.baxter@gmail.com,Kimberly White,+67 635534603,535 Philip Harbors Suite 345,60816,Greece
CI049,+81 155214647,m.taylor@gmail.com,Joanna Oliver,+74 790272441,99566 Aaron Unions Apt. 171,52129,Spain
CI053,+72 119538744,j.chapman@icloud.com,Larry Jackson,+37 598508066,168 Erika Canyon Apt. 020,Y06 9TI,United Kingdom
CI060,+31 317377839,a.wu@icloud.com,Karen Garza,+35 624841361,797 Thomas Pass Suite 026,BX9 9KL,United Kingdom
CI071,+11 611199777,j.summers@gmail.com,Megan Jenkins,+83 715311473,542 Carter Cliffs Suite 420,Q04 1WM,United Kingdom
CI089,+44 812420276,r.holmes@gmail.com,Linda Davidson,+43 637634862,15930 Key Cliff,98477,Germany
CI091,+65 687363635,w.wilson@outlook.com,Michael Reyes,+18 359995201,694 Judith Harbors Apt. 227,38284,South Africa
CI107,+48 681306238,p.reid@yahoo.com,Alyssa Thomas,+12 535026133,297 Gross Forks Suite 105,20735,Greece
CI115,+57 947464645,j.williams@outlook.c,Dr. David Arnold,+71 567942340,93862 Smith Trail,VA2 5NI,United Kingdom
CI128,+49 330938589,b.hatfield@yahoo.com,Jason Gutierrez,+77 226952538,8071 Crawford Lights Suite 586,RX5 9NO,United Kingdom
CI149,+98 477188276,p.owens@icloud.com,Edgar Williams,+48 928912843,5571 Miller Courts,26769,South Africa
CI173,+39 438454445,h.fox@gmail.com,Angela Kane,+58 628865965,34605 Johnston Mission Suite 094,77096,United States
CI176,+91 958326677,j.peterson@gmail.com,Sean Obrien,+83 148950274,40345 Orozco Corner Apt. 992,44524,Norway
CI179,+13 236211503,s.johnson@outlook.co,Megan Reyes,+95 470205655,16234 Jesse River Apt. 169,Y70 6DC,United Kingdom
CI187,+49 848740321,t.stanley@outlook.co,Danielle Choi,+18 431100329,7185 Emily Parks,65177,France
CI197,+78 889529795,a.cortez@icloud.com,Deborah Shields,+89 355767156,39502 Luna Loaf,EG9 0KU,United Kingdom
CI200,+43 893141184,w.west@gmail.com,John Pugh,+31 272690305,71973 Williams Courts Apt. 824,L49 0TH,United Kingdom
CI208,+24 690057350,j.phillips@yahoo.com,James Robinson,+56 372165897,78015 James Cliffs,72827,China
CI226,+84 914955410,c.ross@outlook.com,Ryan Johnson,+33 879303696,40397 Dickson Point Apt. 189,65077,India
CI030,+99 220466649,t.johnson@icloud.com,Sydney Burns,+18 961676561,35349 Hendricks Stream Suite 549,75566,Spain
CI031,+99 340095332,j.bautista@gmail.com,Matthew Underwood,+56 225354145,2519 Howard Manor Apt. 485,NB4 3TK,United Kingdom
CI039,+26 184635310,t.king@gmail.com,Meredith Blackburn,+98 923612246,00017 Goodwin Expressway,S41 6BQ,United Kingdom
CI048,+79 540427723,r.johnson@outlook.co,Julia Carter,+29 607983148,30402 Young Junction Apt. 434,13329,Greece
CI052,+71 231846562,j.brooks@outlook.com,Kelly Reynolds Jr.,+64 588617927,32754 David Key,D66 3JG,United Kingdom
CI054,+95 304380587,a.herrera@gmail.com,Bethany Frye,+82 619994991,1533 Franklin Bridge,J42 7ZA,United Kingdom
CI063,+83 780436516,a.cooper@icloud.com,Kevin Martin,+82 754416554,98043 Brown Mountains Apt. 846,61584,Sweden
CI070,+10 682847047,k.adams@icloud.com,Jason Velez,+34 118977592,49927 Richard Summit,30748,Italy
CI078,+68 937862758,m.smith@icloud.com,Julia Henderson,+21 524779928,274 Mary Shoal,ZS8 4KF,United Kingdom
CI080,+61 202094665,m.king@gmail.com,Joshua Reeves,+88 554497512,6146 Miller Walk Apt. 591,K06 6DB,United Kingdom
CI081,+60 459607074,s.rivera@outlook.com,Samuel Hart,+53 901671622,216 Lynn Coves Suite 920,95110,Greece
CI086,+41 263561015,v.miller@gmail.com,Steven Wu,+96 423699306,6782 Gross Gateway Suite 281,68512,Norway
CI088,+70 693976008,j.diaz@gmail.com,Daniel Pitts,+61 554157921,984 Myers Locks,93361,Netherlands
CI092,+81 867941476,s.brown@outlook.com,Kelly Patterson,+23 915816315,8688 Roberts Isle Suite 018,I76 0KP,United Kingdom
CI093,+92 323281969,d.jenkins@gmail.com,Wendy Davidson,+84 321203950,8716 Michael Keys,MJ2 8CB,United Kingdom
CI095,+91 640343590,d.fernandez@yahoo.co,Sheila Holt MD,+18 506214644,9709 Williams Loaf Suite 322,41857,South Africa
CI097,+66 646866661,e.watson@icloud.com,Brittany Jackson,+78 508369914,572 Green Mission Apt. 643,ZC1 5QZ,United Kingdom
CI098,+63 564657110,k.bennett@gmail.com,Daniel Holt MD,+52 782568646,3586 Phelps Summit Suite 039,KN2 0YX,United Kingdom
CI100,+86 776193279,l.austin@yahoo.com,Danny Moses,+91 290731772,992 Chen Crossing Suite 863,EL6 2XU,United Kingdom
CI105,+41 404505972,r.payne@outlook.com,Anthony Hernandez,+57 282623153,39318 Rodriguez Drive,VG4 0RI,United Kingdom
CI106,+95 594378678,a.bradley@icloud.com,Lori Edwards,+20 182916251,3030 Karen Flats Suite 924,F90 5YL,United Kingdom
CI108,+61 954741236,m.riggs@gmail.com,Kevin Rivera,+13 793211454,245 Bryan Ramp,O90 9HA,United Kingdom
CI111,+49 628682119,k.blankenship@outloo,Kathleen Silva,+65 970552889,50182 Bradley Valley,08321,India
CI113,+36 394104806,s.farrell@yahoo.com,Jonathan Cabrera,+29 557478466,466 Pierce Motorway Suite 794,97046,Australia
CI133,+18 962654145,d.carney@yahoo.com,Michelle Gordon,+83 912709976,7379 Jones Viaduct Apt. 721,51568,Japan
CI135,+67 242943152,r.harris@icloud.com,Eric Butler,+48 950873198,85669 Bradley Vista,CZ2 8PZ,United Kingdom
CI138,+65 783113550,a.smith@yahoo.com,Rodney Acevedo,+29 597511500,835 Vazquez Stream,VP0 8JR,United Kingdom
CI140,+99 428905335,a.brown@icloud.com,Jeffrey Taylor,+14 408833183,254 Kristine Stream,R04 2PS,United Kingdom
CI141,+76 511165551,j.velazquez@gmail.co,John Sanders,+96 728772280,697 Dylan Plains Suite 026,LQ1 9UT,United Kingdom
CI143,+42 600457711,k.shannon@yahoo.com,Gregory Crane,+74 452489233,362 Sharp Cape,R71 6ZS,United Kingdom
CI144,+83 363962097,s.jones@outlook.com,Brandon Davis,+17 357976859,9062 Ryan Place,29540,Italy
CI145,+87 961959250,l.mcgee@icloud.com,Michelle Rodriguez,+46 196958381,6266 Douglas Cliff,57444,Netherlands
CI148,+97 390998675,h.brewer@outlook.com,Danielle White,+51 411900186,3129 Wong Roads Suite 121,52945,Sweden
CI151,+17 241672147,w.mckinney@icloud.co,Jennifer Whitehead,+73 610998209,0280 Travis Drive Apt. 900,04224,Netherlands
CI152,+12 666644929,c.riddle@outlook.com,Anthony Turner,+11 601439224,21061 Charles Islands,27894,Mexico
CI166,+17 971507837,f.hall@gmail.com,Carl Robinson,+57 330484093,863 Moore Alley Suite 787,XG9 8QW,United Kingdom
CI168,+45 531137099,c.mcguire@yahoo.com,Justin Reyes,+42 211076757,27280 John Landing Apt. 213,P96 8WA,United Kingdom
CI169,+65 109737227,k.morris@outlook.com,David Brooks,+12 382410105,30806 Wilson Forges,Z43 6JB,United Kingdom
CI170,+97 463414694,d.newman@icloud.com,Matthew Wolf,+10 231819267,5733 Steele Branch,JY0 6KQ,United Kingdom
CI181,+47 479806045,p.estes@gmail.com,Carolyn Manning,+26 894450827,322 Wells Plain,98558,France
CI185,+17 838519106,n.huynh@icloud.com,Robert Saunders,+93 295833798,81851 Williams Haven Apt. 669,91549,Mexico
CI192,+18 693150568,l.castaneda@yahoo.co,Chris Carter,+97 125460474,70557 Castro Fords Apt. 443,35079,Brazil
CI204,+92 228190834,e.carter@outlook.com,Jessica Morton,+28 861983376,15441 Cook Ports,44593,Sweden
CI205,+66 959926294,d.butler@yahoo.com,Dawn Patel,+20 593869637,845 Kimberly Rapid,BU3 4RA,United Kingdom
CI213,+33 618046757,b.wilson@gmail.com,Alan Francis,+32 611709215,4567 Amber Groves Apt. 524,35915,Norway
CI215,+48 330447920,d.acosta@gmail.com,William Huber,+45 956048394,7673 Johnson Junctions,TR2 6QW,United Kingdom
CI220,+79 993520795,a.wright@gmail.com,Anthony Hoffman,+41 471744569,9819 Jensen Lock Suite 626,94979,France
CI228,+57 513390171,j.rush@outlook.com,Kyle Bauer,+10 957581123,35263 Cook Wall,W21 2RT,United Kingdom
CI038,+52 482356991,s.brooks@outlook.com,Jennifer Glenn,+38 998746709,40050 Thomas Highway Suite 264,L91 5SY,United Kingdom
CI040,+42 858435926,j.wilson@yahoo.com,Ariel Romero,+51 584241622,12754 Steven Highway,08123,Spain
CI041,+72 323658239,p.moore@yahoo.com,Melissa Contreras,+58 937291724,207 Nancy Circle Suite 153,22051,Mexico
CI042,+58 738981219,m.simmons@icloud.com,Nicholas Hawkins,+15 463466571,5828 Brandi Spring,02170,Canada
CI043,+52 690441258,b.snyder@outlook.com,Donald Garcia,+98 970336631,78795 Nichols Fort Suite 598,64635,Italy
CI044,+28 195209550,s.mueller@outlook.co,Elizabeth Cox,+90 285969332,22503 Davis Ridges Suite 254,51750,India
CI045,+38 234112686,e.johnson@icloud.com,Nicole Anderson,+97 488986894,476 Smith Ramp Suite 366,EX7 2IX,United Kingdom
CI050,+58 215031998,m.sandoval@yahoo.com,Rita Ray,+87 931602298,51134 Williams Land,45601,Australia
CI051,+76 437327703,t.lane@gmail.com,Renee Reilly,+13 657900305,942 Macdonald Lake Suite 216,69296,Brazil
CI057,+57 267307362,m.smith@gmail.com,Anna Rodriguez,+32 141187669,76561 Rebecca Fords Suite 172,C48 4QW,United Kingdom
CI061,+16 657639833,l.quinn@yahoo.com,Angela Booth,+77 134026742,545 Amber River,54604,Spain
CI062,+64 713611127,a.carr@icloud.com,Joseph Coleman,+51 651001518,93431 Galloway Mews Suite 292,37269,Germany
CI064,+13 669119571,m.curry@icloud.com,Michele Griffin,+40 160402534,7854 Thompson Brooks Suite 449,IC4 4PS,United Kingdom
CI065,+25 109494267,w.hatfield@yahoo.com,Karen Morrison,+48 833395841,08250 Torres Circles,76554,Canada
CI066,+68 319579238,t.robinson@yahoo.com,Robert Larsen,+30 344842290,0069 Brittany Place,95201,India
CI067,+30 334555912,k.taylor@yahoo.com,Don King,+43 326024286,4377 English Plaza Suite 669,35601,India
CI077,+45 733641573,k.jackson@icloud.com,Shawna Smith,+83 602243817,6731 Taylor Mews,19322,India
CI079,+29 603413650,a.reyes@icloud.com,Noah Mckenzie,+12 228429424,0487 Jones Mountains Suite 345,61862,Sweden
CI082,+81 501160793,b.cole@yahoo.com,Joshua Lee,+44 898789522,239 Jeanette Junctions Apt. 876,42774,Japan
CI083,+71 253875578,d.johnson@gmail.com,Jessica Hernandez,+75 810694182,554 Jill Center Apt. 754,29322,South Africa
CI084,+24 738163856,s.patton@yahoo.com,Kimberly Schneider,+72 526650167,8744 John Street,B98 0UE,United Kingdom
CI090,+52 818764891,v.collins@outlook.co,Leslie Murray,+62 555562799,3019 Andrew Avenue,F18 5JV,United Kingdom
CI094,+42 502016222,s.page@yahoo.com,Michael Roberts,+72 233389167,358 Matthew Roads Apt. 578,ZN6 4GB,United Kingdom
CI096,+60 141996981,t.martin@outlook.com,Sarah Knox,+58 669206746,5180 Christine Square,BH4 9ND,United Kingdom
CI102,+98 804102362,j.chavez@gmail.com,Tiffany Hudson,+32 418338483,9104 Weeks Mission,HP2 8CJ,United Kingdom
CI103,+23 207512324,m.ray@icloud.com,Dr. Sandra Hill,+42 515447321,4544 Jackson Meadow,98374,Australia
CI109,+46 733028451,n.washington@outlook,Karen Johnson,+43 495827046,526 Louis Mills Apt. 165,83470,Canada
CI112,+86 500953574,m.munoz@gmail.com,Tammy Santana,+97 599431533,85202 Denise Crescent,SQ1 2KY,United Kingdom
CI116,+27 994197635,s.sanchez@yahoo.com,Stacey Miller,+65 657068769,5494 Tracy Views,Y20 2VG,United Kingdom
CI117,+87 362011304,c.west@icloud.com,Denise Li,+35 985965777,5999 Joyce Lock,22279,France
CI118,+61 111918979,r.graves@outlook.com,Lauren Brady MD,+30 319815563,850 Nicholas Burgs,F37 8RD,United Kingdom
CI119,+54 998847545,a.jackson@outlook.co,Rodney Sanchez,+56 481735182,177 Hendricks Groves Suite 213,92740,Germany
CI120,+86 606337737,k.murphy@gmail.com,Jennifer Alvarado,+46 711023120,339 Reid Garden,FV6 5DW,United Kingdom
CI123,+75 147039840,a.jarvis@yahoo.com,Roger Carpenter,+85 824420896,927 Roberts Corners Apt. 004,55266,Netherlands
CI127,+72 424193318,a.greene@icloud.com,Ashley Griffin,+32 780775053,727 Julie Oval,45241,Brazil
CI131,+47 535498012,a.kelley@icloud.com,Maria Watkins,+62 856519689,514 King Trafficway Apt. 674,11876,Mexico
CI132,+39 297847920,r.cole@yahoo.com,Elizabeth Graham,+39 149992898,771 Curtis Garden,VJ6 4DN,United Kingdom
CI134,+52 993313349,l.delacruz@yahoo.com,Holly Tran,+19 513891215,79367 Dougherty Highway Suite 539,00865,Mexico
CI137,+95 395194348,r.simmons@yahoo.com,Matthew Barton,+76 304373784,8394 Hardy Wells Suite 079,53307,United States
CI139,+16 775391935,s.moore@yahoo.com,Krista Griffin,+39 147567978,4567 Bell Crossroad Suite 048,94952,Germany
CI147,+74 438445188,k.hall@yahoo.com,Lindsey Potts,+97 372542898,7596 Jessica Prairie,QP7 8TW,United Kingdom
CI150,+46 796583347,k.nielsen@yahoo.com,Christopher Scott,+29 299124209,049 Clarke Center,89747,Canada
CI153,+40 492073193,m.schroeder@outlook.,Carolyn Macias,+36 925136491,358 Richard Lane,92359,Netherlands
CI155,+69 421748951,j.mullins@icloud.com,Kyle Weaver,+50 289681767,67778 White Courts,UO6 5JG,United Kingdom
CI158,+19 976354811,a.butler@yahoo.com,Jessica Thompson,+61 209372020,9808 White Port,68265,China
CI159,+13 247416382,c.harris@outlook.com,Jessica Pham,+83 380557704,527 Mark Walk Suite 088,85603,Sweden
CI160,+94 594309147,d.moss@yahoo.com,Monica Kramer,+17 515270091,41026 John Burgs,E72 3CP,United Kingdom
CI163,+28 216418181,a.padilla@icloud.com,Jennifer Escobar,+77 191278013,9475 Richard Summit Apt. 502,69201,India
CI164,+61 225076159,w.dickson@outlook.co,James Morris IV,+58 999246791,95353 Kristine Junctions,86284,China
CI165,+80 584793647,a.chase@icloud.com,Lisa Taylor,+10 174292023,22014 Scott Prairie,Y80 1QJ,United Kingdom
CI167,+84 597453808,m.johnson@outlook.co,Adam Munoz,+94 828057695,1630 Christian Square,R16 5BP,United Kingdom
CI171,+68 658077428,e.webster@gmail.com,Donald Richards,+96 554849417,5516 Aaron Fords Suite 552,17055,Brazil
CI174,+61 662800107,k.adams@outlook.com,Tony Roberts,+97 571719229,19752 Michelle Viaduct Apt. 648,N10 2ES,United Kingdom
CI177,+34 679496278,b.ramos@yahoo.com,Crystal Wheeler,+87 725004414,6775 Curtis Spur Apt. 669,KQ7 3BB,United Kingdom
CI182,+25 889498359,r.holt@icloud.com,Beth Ballard,+25 783286064,255 Sara Flats Suite 109,10256,Netherlands
CI186,+42 253742652,p.gonzales@yahoo.com,Tracy Porter,+28 406790158,510 Jason Meadows,18198,Italy
CI188,+64 713289936,c.schmidt@yahoo.com,Katherine Kim,+56 281335491,690 Evans Trace,Y20 2RG,United Kingdom
CI189,+57 111647217,s.griffith@outlook.c,Judy Brown,+59 861465145,529 Maria Summit,34296,Norway
CI190,+20 211338557,m.patterson@icloud.c,Elizabeth Rubio,+86 759377768,09351 Brenda Lane Apt. 953,40913,Australia
CI194,+19 498560751,c.harvey@outlook.com,Ronald Wilson,+97 668745348,918 Howard Trace,UF3 3IV,United Kingdom
CI195,+64 629104756,l.hall@outlook.com,Diane Chandler,+77 791173479,5606 Perry Lights Apt. 123,06862,Germany
CI201,+95 693584492,a.barber@gmail.com,Carla Gonzalez,+56 454633092,422 Lewis Spur Apt. 404,I45 0ZS,United Kingdom
CI203,+94 445847201,w.perez@outlook.com,William Flowers,+24 454924774,12100 Carrie Squares Apt. 864,26689,Brazil
CI206,+63 303920320,k.newman@outlook.com,Matthew Campos,+49 254619828,476 Humphrey Village Suite 874,30343,Germany
CI207,+40 902335404,c.watson@icloud.com,Jeffrey Moore,+54 153181671,6968 Hoffman Parkway Suite 799,47087,Netherlands
CI209,+53 795877043,l.walker@yahoo.com,Michael Turner,+14 379495907,921 Jackson Forks,49431,India
CI210,+97 186369438,j.wiley@outlook.com,Devon Miller,+21 358126609,02934 Young Roads,30664,Mexico
CI211,+59 422281638,d.molina@icloud.com,Russell Turner,+37 599754875,5383 Lopez Squares Suite 273,46012,Japan
CI217,+95 902215010,m.walker@outlook.com,Briana Conley,+13 327400916,89656 Kristen Tunnel Apt. 123,W62 4UT,United Kingdom
CI218,+44 757122767,w.yates@outlook.com,Wayne Bridges,+15 126762806,04819 Doyle Point Suite 445,HU6 1XC,United Kingdom
CI219,+26 611966771,h.bailey@outlook.com,Noah Estes,+64 804977048,710 Hardin Plaza Suite 459,22269,Canada
CI221,+42 311050635,k.edwards@yahoo.com,Jason Jenkins,+28 487274940,51780 King Trail Suite 260,66478,Japan
CI222,+85 799166110,j.day@gmail.com,Barbara Odom,+97 374771507,573 Vega Crescent Apt. 175,V40 5BN,United Kingdom
CI223,+39 124041120,m.barrera@gmail.com,Deborah Turner,+91 556836266,9838 Barron Terrace Apt. 927,72840,Italy
CI224,+51 530299153,b.valdez@gmail.com,Michelle Miller,+12 458068558,529 Jillian Coves Apt. 233,DF3 2VH,United Kingdom
CI225,+65 825126107,l.simmons@icloud.com,Jason Martin,+23 647941943,25288 Wagner Isle Suite 152,NJ7 9VD,United Kingdom
CI227,+11 882528260,m.glover@gmail.com,Dr. Annette Collins,+43 291097873,694 John Pines,OP0 3DJ,United Kingdom
CI037,+18 134671577,s.king@icloud.com,Kimberly Perez,+11 743965199,046 Travis Drive Suite 669,Y30 6PV,United Kingdom
CI055,+45 388153312,j.carpenter@yahoo.co,Casey Hernandez,+50 127626987,20029 Lindsey Well,32409,United States
CI056,+53 485016866,m.french@gmail.com,William Harris,+14 650673675,8241 Chase Glen Apt. 923,45974,Italy
CI073,+30 371966273,m.snow@gmail.com,Kevin Harris,+37 103713443,71509 Emily Ports Apt. 020,UU4 2MK,United Kingdom
CI074,+56 587542147,a.wall@gmail.com,Clifford Williams,+83 967383740,264 Christopher Ramp,ZT1 7FK,United Kingdom
CI099,+85 556184661,a.daugherty@gmail.co,Yvette Johnson,+32 296980961,33710 George Lodge,41438,Japan
CI124,+60 663337207,k.hodges@outlook.com,Jessica Ross,+15 282070277,5678 Fisher Tunnel,SN3 9IF,United Kingdom
CI129,+58 203242903,s.harrington@outlook,Laura Greene,+57 890060341,16789 Mendoza Walks Suite 513,20748,Spain
CI136,+86 541063423,s.parsons@icloud.com,Matthew Cameron,+29 731874122,595 Monica Union Suite 515,98108,Sweden
CI154,+33 248674631,s.morris@gmail.com,Michael Reese,+25 981115570,25998 Michelle Crossing Apt. 222,JJ9 2MN,United Kingdom
CI156,+75 465841823,d.johnson@gmail.com,Luis Hayes,+17 847830577,8405 Ruiz Prairie Suite 847,66648,Japan
CI157,+45 507793153,j.morgan@yahoo.com,Mrs. Erica Johnson,+76 344294961,53652 Farmer Knolls,UT5 7QH,United Kingdom
CI162,+58 990828600,m.myers@yahoo.com,Donald Hill,+37 832576514,120 Jodi Cape,06737,Germany
CI191,+25 792351562,s.ruiz@gmail.com,Brittany Simmons,+55 486005518,0583 Antonio Rest,41183,France
CI199,+24 619842094,c.ford@icloud.com,Michelle Steele,+75 183594639,021 Gary Falls,SN5 0NT,United Kingdom
CI214,+69 509386991,s.anderson@outlook.c,George Martinez,+30 774392498,337 Orozco Trail,QG8 6SZ,United Kingdom
CI729,+55 166445925,c.cooley@icloud.com,Paul Farley,+48 300454226,3739 Danielle Roads,93223,Spanish
CI918,+27 274671856,j.franklin@yahoo.com,Raymond Carr,+34 527823990,84799 Robinson Place,33673,French
CI598,+56 620675136,j.harris@gmail.com,James Turner,+30 214971254,603 Conner River Apt. 179,72955,German
CI615,+47 616584227,a.barnes@gmail.com,Charles Flores,+57 873845051,1144 Phillip Haven Apt. 982,25244,German
CI518,+49 994092640,j.rocha@icloud.com,Thomas Cox,+70 296125896,292 Kristine Road Suite 831,W19 6DO,United Kingdom
CI806,+46 280664961,j.ortiz@outlook.com,Eric Fields MD,+41 591147338,60019 Thomas Lakes,U64 4LR,United Kingdom
CI558,+75 574736655,j.carpenter@icloud.c,Leon Abbott,+17 220362592,30755 Lowery Well,66407,French
CI791,+27 241484308,r.wheeler@gmail.com,Jessica Pierce,+15 755454533,46011 Williams Circles Apt. 323,17358,German
CI846,+60 621945878,d.carroll@outlook.co,Brandi Dennis,+47 843517470,29095 Shepherd Station Apt. 507,25496,French
CI916,+26 916146589,w.bryant@icloud.com,Charles Mills,+21 952924481,31416 Mays Center,88261,German
CI917,+91 225562875,l.smith@outlook.com,Danielle Moore,+62 514850213,022 Andrews Inlet Apt. 649,14548,German
CI839,+93 114225105,c.chavez@icloud.com,Kari Morgan,+93 368722001,98755 Cynthia Burg Suite 581,83954,German
CI976,+25 840384674,m.lang@gmail.com,Anthony Zhang,+13 742810595,81434 Timothy Glens,96928,Spanish
CI662,+90 275008164,s.barnes@gmail.com,Andrew Spence,+61 970579258,1852 Julia Square Suite 404,64264,French
CI622,+59 927555126,j.clements@gmail.com,David Cruz,+69 674671684,038 Cooke Lane,04283,Spanish
CI631,+72 726201388,b.cline@yahoo.com,John Warner,+39 508512893,55293 Joe Fort,58944,Spanish
CI692,+85 393574696,l.wilson@outlook.com,Allison Olsen,+91 297694419,71576 Travis Island Apt. 994,60015,German
CI924,+21 914655197,a.haynes@gmail.com,Dr. Thomas Bass,+70 515931091,49594 Diaz Bypass Apt. 229,60764,German
CI572,+72 832477017,t.wilson@outlook.com,Matthew Wang,+28 786371887,81431 William Turnpike,01374,German
CI764,+73 414531473,s.williams@yahoo.com,Vanessa Sweeney,+72 311593433,095 Michele Point Apt. 547,12379,French
CI734,+96 949739049,s.griffin@yahoo.com,Caleb Wyatt,+81 773943659,1939 Tyler Summit,36417,Spanish
CI702,+22 294672253,m.davidson@gmail.com,Alan Trevino,+89 290340633,75050 Cordova Rest,58649,Spanish
CI526,+57 493127912,l.garcia@icloud.com,Mrs. Taylor Becker MD,+27 117094463,89431 Jason Mountain Suite 493,56349,German
CI930,+44 527171931,k.kramer@gmail.com,Robin Cook,+27 857015542,2944 Brooks Motorway Suite 965,92067,French
CI744,+88 494796283,a.jones@icloud.com,Mark Stewart,+32 654142264,4665 Powell Tunnel Apt. 415,Y38 0SV,United Kingdom
CI687,+81 119838670,p.mcpherson@outlook.,Sierra Moody,+81 899589351,54714 Laura Harbor Suite 690,LR8 8YO,United Kingdom
CI675,+33 169435690,b.glenn@gmail.com,Kathy Eaton,+59 269384586,49063 Baker Isle,85442,Spanish
CI761,+34 808552724,m.gilbert@outlook.co,Chelsey Roberts,+28 274787812,21508 Anderson Trace,74740,German
CI747,+58 102394696,a.bailey@yahoo.com,Ryan Rice,+46 643167872,829 Mark Estate Suite 800,61875,French
CI566,+30 696911724,b.davis@gmail.com,Brian Allen,+18 278219431,62473 Matthews Ways Suite 656,14825,German
CI960,+75 226256843,g.davis@gmail.com,Mitchell Molina,+38 541442149,068 Valerie Courts,27294,German
CI559,+96 575698344,e.cruz@yahoo.com,Bonnie Martin,+88 106333950,0468 Harris Lakes Suite 479,Z02 1EU,United Kingdom
CI986,+30 382126431,k.webster@icloud.com,Tracey Hodges,+32 768015518,25154 Johnson Pike Suite 434,F19 7DV,United Kingdom
CI902,+14 963665396,j.watson@outlook.com,Kathleen Singleton,+59 259149855,4969 Hunt Fall Suite 597,BK4 3RS,United Kingdom
CI534,+62 954526044,c.foster@yahoo.com,Kyle Cobb,+76 620095179,7649 Charles Rapid Suite 767,CI1 5KG,United Kingdom
CI585,+51 538637477,e.little@gmail.com,Stephen Mendez,+96 465259398,3423 Roberts Lights,02287,Spanish
CI993,+73 582514673,e.hammond@gmail.com,Travis Smith,+85 333487665,7983 Cantrell Cliff,QL1 8PZ,United Kingdom
CI780,+26 837801199,f.rowland@yahoo.com,Emily Castillo,+38 978903069,61414 Devon Plaza,I49 1IG,United Kingdom
CI928,+70 396304701,j.villarreal@gmail.c,Stephanie Silva,+59 998931135,4103 David Burg,88519,German
CI760,+90 666864257,y.chambers@icloud.co,Megan Brooks,+68 575845785,41591 Beverly Expressway,NY1 7RM,United Kingdom
CI674,+42 980902563,b.hughes@yahoo.com,Michael Taylor,+38 582094985,383 Duran Avenue,25137,French
CI571,+46 224300013,a.oneal@icloud.com,Stephanie Williams,+92 232840275,837 Williams Park,Q01 7DM,United Kingdom
CI658,+88 304166752,j.ayala@gmail.com,Kristine Reed,+42 730035633,292 Henderson Lake,88344,Spanish
CI771,+36 531658736,e.gillespie@gmail.co,Crystal Murphy,+67 764953903,4291 Salinas Islands,55629,French
CI940,+80 219364246,j.wilson@outlook.com,Ryan Haynes,+77 121480660,2644 Patton Gateway Suite 675,91880,Spanish
CI555,+38 510079033,n.armstrong@icloud.c,Nancy Miller,+84 499887952,02704 Dillon Junction,TC8 5IX,United Kingdom
CI981,+60 778450411,r.carlson@outlook.co,William Chavez,+71 175182924,835 Robert Prairie,ZC7 3RI,United Kingdom
CI688,+85 604695948,a.holt@yahoo.com,Kendra Compton MD,+15 923325663,032 Hawkins Dale,01002,Spanish
CI988,+68 162069441,m.jackson@outlook.co,Laura Patel,+51 422172396,367 Maria Spur Suite 373,49823,French
CI840,+94 327946682,b.mcfarland@icloud.c,Megan Cook,+26 365118492,60288 Henry Union Suite 219,95424,Spanish
CI636,+28 639878359,p.barnes@gmail.com,Gabriela Moore,+97 924407438,428 Robert Throughway Apt. 893,L34 0EA,United Kingdom
CI717,+88 868170872,j.butler@icloud.com,Donna Graham,+19 629336260,379 Amy Ways,84540,French
CI816,+87 456892605,c.lawson@outlook.com,Michael Wilson,+70 780134549,701 Howell Via,65025,French
CI802,+96 715578085,e.walker@gmail.com,Thomas Griffith,+37 507940277,21279 Knox Groves Apt. 819,27243,German
CI638,+36 180351137,d.wilson@outlook.com,Brittney Yang,+41 418655460,970 Michael Green Suite 506,71938,French
CI666,+68 670011334,j.collins@outlook.co,Stacey Jones,+32 443861869,4317 Rivera Causeway,WY4 2NO,United Kingdom
CI882,+19 822747771,k.johnson@yahoo.com,Mary Reed,+22 261296034,560 Amanda Harbor Apt. 919,48358,Spanish
CI870,+54 528105170,b.richards@yahoo.com,Savannah Brewer,+84 494734106,210 Spears Valleys,62646,French
CI807,+17 720704537,l.marquez@yahoo.com,Pamela Tucker,+29 598170266,76770 Mejia Dale Apt. 302,B92 2JS,United Kingdom
CI529,+75 660032805,s.lewis@yahoo.com,Frederick White,+26 880994426,365 Burke Extension,92135,German
CI601,+83 391432173,b.lewis@gmail.com,Jeffery Ruiz,+59 815668779,1824 Mathew Village Apt. 757,17913,Spanish
CI946,+34 953813796,t.rodriguez@gmail.co,Emily Pitts,+53 731472298,309 Andersen Summit Suite 123,89320,French
CI842,+87 233999389,l.greene@gmail.com,Toni Lopez,+61 194800136,541 Lori Coves Apt. 643,R78 8HI,United Kingdom
CI851,+21 485716578,b.sanchez@icloud.com,Teresa Davis,+36 221533700,93804 Copeland Mission Apt. 127,00572,Spanish
CI859,+59 184595913,d.schaefer@gmail.com,Abigail Green,+92 453645936,740 Wagner Camp,W32 0PF,United Kingdom
CI775,+45 940251821,j.palmer@yahoo.com,Michael Glass,+27 393074822,048 Rodriguez Street Suite 679,49358,German
CI805,+14 724821303,k.johnson@icloud.com,Jeffery Lewis,+82 720428413,82279 Jackson Mountain Suite 826,49894,Spanish
CI889,+91 127621029,d.hernandez@yahoo.co,Jason Hall,+39 838640599,69726 Jermaine Inlet Suite 757,97402,Spanish
CI581,+79 583596991,d.romero@outlook.com,David Houston,+57 142564638,66118 Kelli Spring Apt. 353,Q02 6WI,United Kingdom
CI629,+23 488371903,l.pratt@gmail.com,Sarah Potts,+68 237900410,49740 Green Landing Suite 729,R80 3FU,United Kingdom
CI769,+92 442782703,a.brown@icloud.com,Kathleen Potter,+10 374524070,1747 Samantha Lane,37547,French
CI945,+86 151764935,y.diaz@yahoo.com,Christopher Cooper,+61 782519005,39119 Best Club,RH4 5SV,United Kingdom
CI656,+35 950488147,k.case@yahoo.com,Thomas Cummings,+27 269370453,709 Sonya Mills,48943,German
CI821,+82 652061445,h.faulkner@gmail.com,David Rivera,+23 777502702,28974 James Wall Suite 461,25019,Spanish
CI707,+48 347995188,j.carroll@gmail.com,Thomas Martinez,+42 993403397,164 Farmer Wall Apt. 180,W82 5RM,United Kingdom
CI602,+62 250922828,s.gibson@gmail.com,Gary Hunt,+22 604062539,149 Martin Pines,46269,Spanish
CI548,+25 318232122,d.white@yahoo.com,Karen Glenn,+57 707685217,9956 Bridges Plains Apt. 311,FN0 8LK,United Kingdom
CI694,+83 664527514,p.cortez@icloud.com,John Clements,+22 347403099,6848 Adriana Neck,18989,French
CI891,+94 304080480,o.good@icloud.com,Eric Odonnell,+59 524832415,4419 Roy Point Apt. 357,83380,Spanish
CI727,+75 935634585,r.wilson@outlook.com,Tracey Owens,+85 482661491,127 Rebecca Place,04268,German
CI811,+94 496219721,e.adkins@outlook.com,Robin Miller,+10 899510149,3533 Michelle Fall,40041,German
CI865,+11 720722254,a.myers@yahoo.com,Michelle Gonzalez,+63 814614461,8007 Hurst Falls Apt. 340,55081,Spanish
CI653,+59 265073488,r.butler@gmail.com,David Thomas,+56 871040095,59427 Christian Summit Apt. 310,08258,Spanish
CI765,+24 374252237,m.walker@icloud.com,Monica Russell,+85 989018114,367 Reyes Mount,20654,Spanish
CI564,+76 108684778,t.leon@yahoo.com,Cole Flores,+32 805281353,8412 Thomas Squares Suite 860,K86 2US,United Kingdom
CI549,+23 872244641,m.swanson@yahoo.com,Jessica Davis,+24 769033195,466 Rice Falls Apt. 335,15207,Spanish
CI695,+21 610996542,m.sanchez@gmail.com,Paige Santiago,+99 866470113,05087 Dawn Dale,81025,Spanish
CI794,+27 792818805,b.chapman@icloud.com,Ariel Malone,+13 308910163,5653 Rogers Circle Apt. 027,TN2 5IV,United Kingdom
CI978,+46 506746784,s.patterson@gmail.co,Jessica White,+59 922286812,7077 Steven Lakes,97358,French
CI544,+44 919999444,a.green@icloud.com,William Rojas,+37 904901170,068 Terry Knolls,58238,German
CI833,+49 209951085,a.fitzpatrick@icloud,Sandra Zimmerman,+38 977549744,6791 Carlos Circle Suite 347,NG8 9XO,United Kingdom
CI746,+71 494115043,p.ramos@outlook.com,Susan Hall,+85 249315894,973 Hughes Junction Suite 401,34362,German